{
    "slug": "Test",
    "params": {
        "exercise_ind_dict": {
            "visualizing-and-interpreting-relationships-between-patterns": 6,
            "identifying_points_1": 1,
            "graphing-proportional-relationships": 8,
            "vertical_angles_2": 5,
            "understanding-multiplying-fractions-and-whole-numbers": 3,
            "coordinate-plane-word-problems": 4,
            "volume_1": 2,
            "addition_1": 0,
            "slope_intercept_form": 7,
            "constructions_1": 9
        },
        "theta_flat": [
            -0.07479580719717878,
            0.9795877042808495,
            -0.006524087206537436,
            0.659804710423038,
            0.13983042756277525,
            0.2960412321964157,
            -0.03201032275338275,
            0.3265371848678909,
            0.17428732736607486,
            0.022840229388186157,
            0.07673259190758122,
            0.0520314607355815,
            0.11150102122268407,
            0.14143134150556758,
            0.00937590012743356,
            0.035645640978750955,
            0.2067257441981001,
            -0.08658781223845102,
            0.016771965876429228,
            -0.05423263745742925,
            0.0,
            0.0,
            0.0,
            0.0,
            0.0,
            0.0,
            0.0,
            0.0,
            0.0,
            0.0,
            0.0,
            0.0,
            0.0,
            0.0,
            0.0,
            0.0,
            0.0,
            0.0,
            0.0,
            0.0,
            1.0,
            1.0,
            1.0,
            1.0,
            1.0,
            1.0,
            1.0,
            1.0,
            1.0,
            1.0
        ],
        "num_abilities": 1,
        "max_time_taken": 1000.0,
        "max_length": 15
    },
    "engine_class": "MIRTEngine",
    "description": "parameters for an adaptive test",
    "title": "test parameters"
}