{
    "slug": "Test",
    "params": {
        "exercise_ind_dict": {
            "visualizing-and-interpreting-relationships-between-patterns": 6,
            "identifying_points_1": 1,
            "graphing-proportional-relationships": 8,
            "vertical_angles_2": 5,
            "understanding-multiplying-fractions-and-whole-numbers": 3,
            "coordinate-plane-word-problems": 4,
            "volume_1": 2,
            "addition_1": 0,
            "slope_intercept_form": 7,
            "constructions_1": 9
        },
        "theta_flat": [
            -0.04150523134797774,
            0.9779693530537181,
            -0.013209875003087254,
            0.6600038895708595,
            0.09624300446679016,
            0.29636227367882995,
            0.10535548923240005,
            0.32388705704096304,
            0.10825389624206992,
            0.024357410638045526,
            0.02422945132920265,
            0.05323175974178507,
            0.03184623941762368,
            0.14297052342412092,
            -0.07677859953067626,
            0.0377642188141359,
            0.04769127770070039,
            -0.08192771505788365,
            -0.06041574522526072,
            -0.052394536412532465,
            -0.0,
            0.0,
            -0.0,
            0.0,
            -0.0,
            0.0,
            -0.0,
            0.0,
            -0.0,
            0.0,
            -0.0,
            0.0,
            -0.0,
            0.0,
            -0.0,
            0.0,
            -0.0,
            0.0,
            -0.0,
            0.0,
            1.0,
            1.0,
            1.0,
            1.0,
            1.0,
            1.0,
            1.0,
            1.0,
            1.0,
            1.0
        ],
        "num_abilities": 1,
        "max_time_taken": 1000.0,
        "max_length": 15
    },
    "engine_class": "MIRTEngine",
    "description": "parameters for an adaptive test",
    "title": "test parameters"
}