{
    "description": "parameters for an adaptive test", 
    "title": "test parameters", 
    "params": {
        "theta_flat": [
            -0.09747396582185512, 
            0.49848304841842167, 
            0.06272028788552018, 
            0.42288435241288885, 
            0.16266665742520695, 
            0.31024570909445076, 
            0.03269511001425949, 
            0.2728300096932283, 
            0.05207632045119442, 
            0.5552785330039858, 
            0.08233563574232927, 
            0.2854809541435435, 
            0.09485796357837492, 
            0.4536354863765508, 
            -0.026647314708351032, 
            0.1691535525403213, 
            0.15886310553753596, 
            0.18187588294772097, 
            -0.005549190427061005, 
            0.017586006942869235, 
            0.0, 
            0.0, 
            0.0, 
            0.0, 
            0.0, 
            0.0, 
            0.0, 
            0.0, 
            0.0, 
            0.0, 
            0.0, 
            0.0, 
            0.0, 
            0.0, 
            0.0, 
            0.0, 
            0.0, 
            0.0, 
            0.0, 
            0.0, 
            1.0, 
            1.0, 
            1.0, 
            1.0, 
            1.0, 
            1.0, 
            1.0, 
            1.0, 
            1.0, 
            1.0
        ], 
        "num_abilities": 1, 
        "max_length": 15, 
        "max_time_taken": 1000.0, 
        "exercise_ind_dict": {
            "constructions_1": 9, 
            "visualizing-and-interpreting-relationships-between-patterns": 6, 
            "addition_1": 0, 
            "understanding-multiplying-fractions-and-whole-numbers": 3, 
            "identifying_points_1": 1, 
            "volume_1": 2, 
            "slope_intercept_form": 7, 
            "vertical_angles_2": 5, 
            "graphing-proportional-relationships": 8, 
            "coordinate-plane-word-problems": 4
        }
    }, 
    "slug": "Test", 
    "engine_class": "MIRTEngine"
}