{
    "description": "parameters for an adaptive test", 
    "title": "test parameters", 
    "params": {
        "theta_flat": [
            0.22781282356889768, 
            0.4876687909498061, 
            0.1778519955421706, 
            0.404373720455143, 
            0.13959188436235898, 
            0.2859147162967536, 
            0.1475930566244175, 
            0.2577071669081475, 
            0.23618710028675782, 
            0.5359615070939545, 
            0.09725439643215573, 
            0.2709573863860872, 
            0.1484447908048885, 
            0.43459337255807595, 
            0.2359707963431922, 
            0.15015467977164312, 
            0.22460531091569316, 
            0.15103592508799163, 
            0.1305430867643743, 
            0.0052667447685480605, 
            0.0, 
            0.0, 
            0.0, 
            0.0, 
            0.0, 
            0.0, 
            0.0, 
            0.0, 
            0.0, 
            0.0, 
            0.0, 
            0.0, 
            0.0, 
            0.0, 
            0.0, 
            0.0, 
            0.0, 
            0.0, 
            0.0, 
            0.0, 
            1.0, 
            1.0, 
            1.0, 
            1.0, 
            1.0, 
            1.0, 
            1.0, 
            1.0, 
            1.0, 
            1.0
        ], 
        "num_abilities": 1, 
        "max_length": 15, 
        "max_time_taken": 1000.0, 
        "exercise_ind_dict": {
            "constructions_1": 9, 
            "visualizing-and-interpreting-relationships-between-patterns": 6, 
            "addition_1": 0, 
            "understanding-multiplying-fractions-and-whole-numbers": 3, 
            "identifying_points_1": 1, 
            "volume_1": 2, 
            "slope_intercept_form": 7, 
            "vertical_angles_2": 5, 
            "graphing-proportional-relationships": 8, 
            "coordinate-plane-word-problems": 4
        }
    }, 
    "slug": "Test", 
    "engine_class": "MIRTEngine"
}