{
    "engine_class": "MIRTEngine",
    "description": "parameters for an adaptive test",
    "title": "test parameters",
    "slug": "Test",
    "params": {
        "max_time_taken": 1000.0,
        "max_length": 15,
        "exercise_ind_dict": {
            "addition_1": 0,
            "visualizing-and-interpreting-relationships-between-patterns": 6,
            "identifying_points_1": 1,
            "vertical_angles_2": 5,
            "volume_1": 2,
            "coordinate-plane-word-problems": 4,
            "understanding-multiplying-fractions-and-whole-numbers": 3,
            "graphing-proportional-relationships": 8,
            "constructions_1": 9,
            "slope_intercept_form": 7
        },
        "num_abilities": 1,
        "theta_flat": [
            -0.0014709956091310662,
            0.7471762093336471,
            0.20784291450100076,
            0.7406789689051284,
            -0.19092254753185636,
            0.9052154730932623,
            -0.025734174478293705,
            0.4639592371937944,
            -0.02391994308710317,
            0.5591925850827293,
            -0.05866656310314073,
            0.39005137444822546,
            0.1103420566046067,
            0.7268938658570622,
            -0.13150834982960868,
            0.5056354545480373,
            0.03537572675713478,
            0.434785941045394,
            0.08152520599610744,
            0.21398374686196214,
            0.0,
            0.0,
            0.0,
            0.0,
            0.0,
            0.0,
            0.0,
            0.0,
            0.0,
            0.0,
            0.0,
            0.0,
            0.0,
            0.0,
            0.0,
            0.0,
            0.0,
            0.0,
            0.0,
            0.0,
            1.0,
            1.0,
            1.0,
            1.0,
            1.0,
            1.0,
            1.0,
            1.0,
            1.0,
            1.0
        ]
    }
}