{
    "engine_class": "MIRTEngine",
    "description": "parameters for an adaptive test",
    "title": "test parameters",
    "slug": "Test",
    "params": {
        "max_time_taken": 1000.0,
        "max_length": 15,
        "exercise_ind_dict": {
            "addition_1": 0,
            "visualizing-and-interpreting-relationships-between-patterns": 6,
            "identifying_points_1": 1,
            "vertical_angles_2": 5,
            "volume_1": 2,
            "coordinate-plane-word-problems": 4,
            "understanding-multiplying-fractions-and-whole-numbers": 3,
            "graphing-proportional-relationships": 8,
            "constructions_1": 9,
            "slope_intercept_form": 7
        },
        "num_abilities": 1,
        "theta_flat": [
            -0.01931081827717243,
            0.7465646807101066,
            0.19752885697206377,
            0.7510704062783962,
            -0.19558439483808235,
            0.896408373216799,
            0.022317043523095714,
            0.46425884196335304,
            -0.028000961161401296,
            0.5578570021707178,
            0.06418776660296772,
            0.39134736733341474,
            0.2796131371648072,
            0.7508200217380493,
            -0.15450577321291264,
            0.49916837097876665,
            -0.054705906741154164,
            0.43377160701978834,
            0.04824038409071465,
            0.216849409615397,
            0.0,
            0.0,
            0.0,
            0.0,
            0.0,
            0.0,
            0.0,
            0.0,
            0.0,
            0.0,
            0.0,
            0.0,
            0.0,
            0.0,
            0.0,
            0.0,
            0.0,
            0.0,
            0.0,
            0.0,
            1.0,
            1.0,
            1.0,
            1.0,
            1.0,
            1.0,
            1.0,
            1.0,
            1.0,
            1.0
        ]
    }
}