{
    "slug": "Test",
    "engine_class": "MIRTEngine",
    "params": {
        "max_length": 15,
        "exercise_ind_dict": {
            "graphing-proportional-relationships": 8,
            "coordinate-plane-word-problems": 4,
            "identifying_points_1": 1,
            "constructions_1": 9,
            "addition_1": 0,
            "visualizing-and-interpreting-relationships-between-patterns": 6,
            "volume_1": 2,
            "understanding-multiplying-fractions-and-whole-numbers": 3,
            "vertical_angles_2": 5,
            "slope_intercept_form": 7
        },
        "max_time_taken": 1000.0,
        "num_abilities": 1,
        "theta_flat": [
            0.05784680995853839,
            0.5985009014377156,
            0.17565098299715332,
            0.4660255084213531,
            0.012432700293469514,
            0.4606811395917352,
            0.1960382187200631,
            0.3462750322376008,
            0.08352282725144665,
            0.3083220547821169,
            -0.08372534215920127,
            0.2876704347042416,
            0.07687326279096435,
            0.16243565395013188,
            0.15008203064143016,
            0.005788608321986273,
            0.18519876533749513,
            0.10754594337722957,
            0.13128599169047073,
            0.12148486424913275,
            0.0,
            0.0,
            0.0,
            0.0,
            0.0,
            0.0,
            0.0,
            0.0,
            0.0,
            0.0,
            0.0,
            0.0,
            0.0,
            0.0,
            0.0,
            0.0,
            0.0,
            0.0,
            0.0,
            0.0,
            1.0,
            1.0,
            1.0,
            1.0,
            1.0,
            1.0,
            1.0,
            1.0,
            1.0,
            1.0
        ]
    },
    "description": "parameters for an adaptive test",
    "title": "test parameters"
}