{
    "slug": "Test",
    "engine_class": "MIRTEngine",
    "params": {
        "max_length": 15,
        "exercise_ind_dict": {
            "graphing-proportional-relationships": 8,
            "coordinate-plane-word-problems": 4,
            "identifying_points_1": 1,
            "constructions_1": 9,
            "addition_1": 0,
            "visualizing-and-interpreting-relationships-between-patterns": 6,
            "volume_1": 2,
            "understanding-multiplying-fractions-and-whole-numbers": 3,
            "vertical_angles_2": 5,
            "slope_intercept_form": 7
        },
        "max_time_taken": 1000.0,
        "num_abilities": 1,
        "theta_flat": [
            0.45513744785632343,
            0.6210941623990192,
            0.35943391616427167,
            0.46273063932131925,
            0.013949151414073655,
            0.4597355086201185,
            0.4616398469212193,
            0.34445505997959824,
            0.3324624434125034,
            0.3085463584162279,
            0.011570801541154524,
            0.29282020207735826,
            0.47228086837058947,
            0.16335882558516635,
            0.4700416731430816,
            -0.006752394281406486,
            0.5732976304603815,
            0.09929751423010971,
            0.25410613704069235,
            0.11237685465888055,
            0.0,
            0.0,
            0.0,
            0.0,
            0.0,
            0.0,
            0.0,
            0.0,
            0.0,
            0.0,
            0.0,
            0.0,
            0.0,
            0.0,
            0.0,
            0.0,
            0.0,
            0.0,
            0.0,
            0.0,
            1.0,
            1.0,
            1.0,
            1.0,
            1.0,
            1.0,
            1.0,
            1.0,
            1.0,
            1.0
        ]
    },
    "description": "parameters for an adaptive test",
    "title": "test parameters"
}