{
    "params": {
        "theta_flat": [
            0.22009598459931654,
            0.5125019075001016,
            0.13460760705696878,
            0.5618071091793584,
            0.22895462837457564,
            0.8557954774145428,
            0.22640343541952632,
            0.5517108393967082,
            -0.10781886385107596,
            0.6269113807347342,
            -0.11193520518326903,
            0.4162338163394752,
            0.2196397862929565,
            0.16902533884942705,
            0.05911146663137822,
            0.1234104073361206,
            0.030426210478923757,
            0.3387784926755208,
            0.13305536915759925,
            0.028895005884805296,
            0.0,
            0.0,
            0.0,
            0.0,
            0.0,
            0.0,
            0.0,
            0.0,
            0.0,
            0.0,
            0.0,
            0.0,
            0.0,
            0.0,
            0.0,
            0.0,
            0.0,
            0.0,
            0.0,
            0.0,
            1.0,
            1.0,
            1.0,
            1.0,
            1.0,
            1.0,
            1.0,
            1.0,
            1.0,
            1.0
        ],
        "max_length": 15,
        "max_time_taken": 1000.0,
        "exercise_ind_dict": {
            "identifying_points_1": 1,
            "coordinate-plane-word-problems": 4,
            "vertical_angles_2": 5,
            "addition_1": 0,
            "constructions_1": 9,
            "volume_1": 2,
            "graphing-proportional-relationships": 8,
            "slope_intercept_form": 7,
            "visualizing-and-interpreting-relationships-between-patterns": 6,
            "understanding-multiplying-fractions-and-whole-numbers": 3
        },
        "num_abilities": 1
    },
    "engine_class": "MIRTEngine",
    "description": "parameters for an adaptive test",
    "slug": "Test",
    "title": "test parameters"
}