{
    "params": {
        "theta_flat": [
            0.060303202275459135,
            0.48930235440817765,
            0.07745360485749851,
            0.5450060661765217,
            0.2634585650792951,
            0.8174823430568019,
            0.2061162483034385,
            0.5162559577438077,
            -0.0661057490673459,
            0.6379840354712326,
            -0.017280708849164526,
            0.42216736702144814,
            0.12148971495250017,
            0.1436460262531861,
            -0.014248493429341837,
            0.12191854652272077,
            0.04681145052259983,
            0.33232806281533955,
            0.07047049036218132,
            0.0147157211756547,
            -0.0,
            0.0,
            -0.0,
            0.0,
            -0.0,
            0.0,
            -0.0,
            0.0,
            -0.0,
            0.0,
            -0.0,
            0.0,
            -0.0,
            0.0,
            -0.0,
            0.0,
            -0.0,
            0.0,
            -0.0,
            0.0,
            1.0,
            1.0,
            1.0,
            1.0,
            1.0,
            1.0,
            1.0,
            1.0,
            1.0,
            1.0
        ],
        "max_length": 15,
        "max_time_taken": 1000.0,
        "exercise_ind_dict": {
            "identifying_points_1": 1,
            "coordinate-plane-word-problems": 4,
            "vertical_angles_2": 5,
            "addition_1": 0,
            "constructions_1": 9,
            "volume_1": 2,
            "graphing-proportional-relationships": 8,
            "slope_intercept_form": 7,
            "visualizing-and-interpreting-relationships-between-patterns": 6,
            "understanding-multiplying-fractions-and-whole-numbers": 3
        },
        "num_abilities": 1
    },
    "engine_class": "MIRTEngine",
    "description": "parameters for an adaptive test",
    "slug": "Test",
    "title": "test parameters"
}