{
    "description": "parameters for an adaptive test",
    "slug": "Test",
    "title": "test parameters",
    "params": {
        "num_abilities": 1,
        "max_length": 15,
        "theta_flat": [
            0.04773716661916507,
            0.6482971337481627,
            0.11603779993785163,
            0.6680467393901063,
            0.10088362820403146,
            0.8342929556080885,
            -0.17476382207107596,
            0.45341345658966103,
            0.19442268872920443,
            0.4527200511820458,
            -0.12016775614268642,
            0.7262137923960972,
            0.19484695405776992,
            0.1814386780853394,
            0.016600427428363446,
            0.1487528129705943,
            0.04383623400127949,
            0.2391981266856907,
            0.010152021519691459,
            -0.05900329246428194,
            -0.0,
            0.0,
            -0.0,
            0.0,
            -0.0,
            0.0,
            -0.0,
            0.0,
            -0.0,
            0.0,
            -0.0,
            0.0,
            -0.0,
            0.0,
            -0.0,
            0.0,
            -0.0,
            0.0,
            -0.0,
            0.0,
            1.0,
            1.0,
            1.0,
            1.0,
            1.0,
            1.0,
            1.0,
            1.0,
            1.0,
            1.0
        ],
        "max_time_taken": 1000.0,
        "exercise_ind_dict": {
            "visualizing-and-interpreting-relationships-between-patterns": 6,
            "volume_1": 2,
            "addition_1": 0,
            "constructions_1": 9,
            "understanding-multiplying-fractions-and-whole-numbers": 3,
            "coordinate-plane-word-problems": 4,
            "identifying_points_1": 1,
            "graphing-proportional-relationships": 8,
            "slope_intercept_form": 7,
            "vertical_angles_2": 5
        }
    },
    "engine_class": "MIRTEngine"
}