{
    "description": "parameters for an adaptive test",
    "slug": "Test",
    "title": "test parameters",
    "params": {
        "num_abilities": 1,
        "max_length": 15,
        "theta_flat": [
            0.3046963562592857,
            0.676827104272538,
            0.3235538025249929,
            0.7001100497321924,
            0.3527349789660652,
            0.8754353549952943,
            0.23088479127838354,
            0.4603381281354544,
            0.39068088599848094,
            0.4875363121296173,
            -0.05561809285843992,
            0.7187254735349021,
            0.3641616257543136,
            0.20590229672971788,
            0.4201156535682789,
            0.17189816931223628,
            0.23889930676348753,
            0.25328606602077997,
            0.10125018055801409,
            -0.05495154476676816,
            0.0,
            0.0,
            0.0,
            0.0,
            0.0,
            0.0,
            0.0,
            0.0,
            0.0,
            0.0,
            0.0,
            0.0,
            0.0,
            0.0,
            0.0,
            0.0,
            0.0,
            0.0,
            0.0,
            0.0,
            1.0,
            1.0,
            1.0,
            1.0,
            1.0,
            1.0,
            1.0,
            1.0,
            1.0,
            1.0
        ],
        "max_time_taken": 1000.0,
        "exercise_ind_dict": {
            "visualizing-and-interpreting-relationships-between-patterns": 6,
            "volume_1": 2,
            "addition_1": 0,
            "constructions_1": 9,
            "understanding-multiplying-fractions-and-whole-numbers": 3,
            "coordinate-plane-word-problems": 4,
            "identifying_points_1": 1,
            "graphing-proportional-relationships": 8,
            "slope_intercept_form": 7,
            "vertical_angles_2": 5
        }
    },
    "engine_class": "MIRTEngine"
}