{
    "description": "parameters for an adaptive test", 
    "title": "test parameters", 
    "params": {
        "theta_flat": [
            0.25493206596524015, 
            0.9273815403012854, 
            -0.17094583868795313, 
            0.8361129924924785, 
            0.027647444466311503, 
            0.4347438027270754, 
            0.005593863165885946, 
            0.4543924545910767, 
            -0.10708468848797073, 
            0.2999974513964236, 
            0.08703051071904337, 
            0.24701742643259123, 
            0.09211300081811483, 
            0.4049882639491504, 
            0.2010809906722704, 
            0.3571892024529612, 
            0.1268003502554215, 
            0.09089664164033186, 
            0.1264353030044088, 
            -0.05416467998480391, 
            0.0, 
            0.0, 
            0.0, 
            0.0, 
            0.0, 
            0.0, 
            0.0, 
            0.0, 
            0.0, 
            0.0, 
            0.0, 
            0.0, 
            0.0, 
            0.0, 
            0.0, 
            0.0, 
            0.0, 
            0.0, 
            0.0, 
            0.0, 
            1.0, 
            1.0, 
            1.0, 
            1.0, 
            1.0, 
            1.0, 
            1.0, 
            1.0, 
            1.0, 
            1.0
        ], 
        "num_abilities": 1, 
        "max_length": 15, 
        "max_time_taken": 1000.0, 
        "exercise_ind_dict": {
            "constructions_1": 9, 
            "visualizing-and-interpreting-relationships-between-patterns": 6, 
            "addition_1": 0, 
            "understanding-multiplying-fractions-and-whole-numbers": 3, 
            "identifying_points_1": 1, 
            "volume_1": 2, 
            "slope_intercept_form": 7, 
            "vertical_angles_2": 5, 
            "graphing-proportional-relationships": 8, 
            "coordinate-plane-word-problems": 4
        }
    }, 
    "slug": "Test", 
    "engine_class": "MIRTEngine"
}