{
    "description": "parameters for an adaptive test", 
    "title": "test parameters", 
    "params": {
        "theta_flat": [
            0.373280596699793, 
            0.9778085876576905, 
            -0.28109063521452404, 
            0.8186481741393742, 
            0.029803162439470322, 
            0.4378878682196013, 
            -0.030555680663909845, 
            0.45244148004027834, 
            -0.06341686563150395, 
            0.2912128561166488, 
            0.049356090937807524, 
            0.2533409943374786, 
            0.22538358055045102, 
            0.4286108932168536, 
            0.1409551586307962, 
            0.3724811203231357, 
            0.3511783504691221, 
            0.12337579999129819, 
            0.13309964376228345, 
            -0.04014086534005011, 
            0.0, 
            0.0, 
            0.0, 
            0.0, 
            0.0, 
            0.0, 
            0.0, 
            0.0, 
            0.0, 
            0.0, 
            0.0, 
            0.0, 
            0.0, 
            0.0, 
            0.0, 
            0.0, 
            0.0, 
            0.0, 
            0.0, 
            0.0, 
            1.0, 
            1.0, 
            1.0, 
            1.0, 
            1.0, 
            1.0, 
            1.0, 
            1.0, 
            1.0, 
            1.0
        ], 
        "num_abilities": 1, 
        "max_length": 15, 
        "max_time_taken": 1000.0, 
        "exercise_ind_dict": {
            "constructions_1": 9, 
            "visualizing-and-interpreting-relationships-between-patterns": 6, 
            "addition_1": 0, 
            "understanding-multiplying-fractions-and-whole-numbers": 3, 
            "identifying_points_1": 1, 
            "volume_1": 2, 
            "slope_intercept_form": 7, 
            "vertical_angles_2": 5, 
            "graphing-proportional-relationships": 8, 
            "coordinate-plane-word-problems": 4
        }
    }, 
    "slug": "Test", 
    "engine_class": "MIRTEngine"
}