{
    "title": "test parameters",
    "description": "parameters for an adaptive test",
    "params": {
        "max_time_taken": 1000.0,
        "max_length": 15,
        "exercise_ind_dict": {
            "graphing-proportional-relationships": 8,
            "constructions_1": 9,
            "understanding-multiplying-fractions-and-whole-numbers": 3,
            "identifying_points_1": 1,
            "vertical_angles_2": 5,
            "addition_1": 0,
            "slope_intercept_form": 7,
            "coordinate-plane-word-problems": 4,
            "volume_1": 2,
            "visualizing-and-interpreting-relationships-between-patterns": 6
        },
        "theta_flat": [
            0.13331766216171254,
            0.7680913096232781,
            -0.07334324186865955,
            0.5241756654933803,
            0.05558031745259066,
            0.36475497553621367,
            -0.06688844050781127,
            0.4214618841256547,
            -0.0007748002976266447,
            0.5037520481170187,
            0.10674760597163452,
            0.21140799744831154,
            0.01352125712475187,
            0.6568120871251297,
            0.0007328600930499241,
            0.42012695932844174,
            0.0033998949497087683,
            0.27477588857988305,
            0.17196053186677354,
            0.06871301729692403,
            -0.0,
            0.0,
            -0.0,
            0.0,
            -0.0,
            0.0,
            -0.0,
            0.0,
            -0.0,
            0.0,
            -0.0,
            0.0,
            -0.0,
            0.0,
            -0.0,
            0.0,
            -0.0,
            0.0,
            -0.0,
            0.0,
            1.0,
            1.0,
            1.0,
            1.0,
            1.0,
            1.0,
            1.0,
            1.0,
            1.0,
            1.0
        ],
        "num_abilities": 1
    },
    "slug": "Test",
    "engine_class": "MIRTEngine"
}