{
    "engine_class": "MIRTEngine",
    "slug": "Test",
    "description": "parameters for an adaptive test",
    "params": {
        "max_length": 15,
        "exercise_ind_dict": {
            "identifying_points_1": 1,
            "slope_intercept_form": 7,
            "constructions_1": 9,
            "graphing-proportional-relationships": 8,
            "understanding-multiplying-fractions-and-whole-numbers": 3,
            "vertical_angles_2": 5,
            "addition_1": 0,
            "coordinate-plane-word-problems": 4,
            "volume_1": 2,
            "visualizing-and-interpreting-relationships-between-patterns": 6
        },
        "num_abilities": 1,
        "max_time_taken": 1000.0,
        "theta_flat": [
            -0.011111643036736151,
            0.917668210132735,
            0.18197406693667928,
            0.5213292217321248,
            0.3715292590234157,
            0.5262166467931337,
            0.286512765812429,
            0.7981604309973196,
            0.36554782343055037,
            0.45820446142401017,
            0.03896357541739669,
            0.40411087351161096,
            0.35630232203677964,
            0.37216643344375056,
            0.21407811975463242,
            0.19958585543762003,
            0.18351606988728797,
            0.13582753615105247,
            0.29786486473416396,
            -0.014974493553870637,
            0.0,
            0.0,
            0.0,
            0.0,
            0.0,
            0.0,
            0.0,
            0.0,
            0.0,
            0.0,
            0.0,
            0.0,
            0.0,
            0.0,
            0.0,
            0.0,
            0.0,
            0.0,
            0.0,
            0.0,
            1.0,
            1.0,
            1.0,
            1.0,
            1.0,
            1.0,
            1.0,
            1.0,
            1.0,
            1.0
        ]
    },
    "title": "test parameters"
}