{
    "engine_class": "MIRTEngine",
    "slug": "Test",
    "description": "parameters for an adaptive test",
    "params": {
        "max_length": 15,
        "exercise_ind_dict": {
            "identifying_points_1": 1,
            "slope_intercept_form": 7,
            "constructions_1": 9,
            "graphing-proportional-relationships": 8,
            "understanding-multiplying-fractions-and-whole-numbers": 3,
            "vertical_angles_2": 5,
            "addition_1": 0,
            "coordinate-plane-word-problems": 4,
            "volume_1": 2,
            "visualizing-and-interpreting-relationships-between-patterns": 6
        },
        "num_abilities": 1,
        "max_time_taken": 1000.0,
        "theta_flat": [
            0.0448552308325867,
            0.918014782861291,
            0.07961426956611795,
            0.5159842389707586,
            0.05056773139003578,
            0.506160627973526,
            0.08352713584902006,
            0.781689147664619,
            0.2222291244800832,
            0.4452939442832936,
            -0.03692214282598698,
            0.4039256945467125,
            0.18385289043639855,
            0.3600630909818434,
            -0.04073775732562675,
            0.19558749322511967,
            -0.07243721940904341,
            0.1334861814527845,
            0.05137835769199231,
            -0.017970647103465236,
            0.0,
            0.0,
            0.0,
            0.0,
            0.0,
            0.0,
            0.0,
            0.0,
            0.0,
            0.0,
            0.0,
            0.0,
            0.0,
            0.0,
            0.0,
            0.0,
            0.0,
            0.0,
            0.0,
            0.0,
            1.0,
            1.0,
            1.0,
            1.0,
            1.0,
            1.0,
            1.0,
            1.0,
            1.0,
            1.0
        ]
    },
    "title": "test parameters"
}