{
    "description": "parameters for an adaptive test", 
    "title": "test parameters", 
    "params": {
        "theta_flat": [
            0.1480164053740965, 
            0.7862956492448562, 
            -0.01649309314928365, 
            0.6110563459760784, 
            0.3558189545213108, 
            0.33490901732800826, 
            0.3214620893087204, 
            0.4739061390659036, 
            0.2784452265192308, 
            0.14771571662667993, 
            0.2689078133696997, 
            0.33914094541157497, 
            0.3384769467721779, 
            0.16791019703624172, 
            0.15030774346831202, 
            0.2521647079253118, 
            0.2785518672364911, 
            0.057398953545453414, 
            0.2625871974764913, 
            0.31116289751617887, 
            0.0, 
            0.0, 
            0.0, 
            0.0, 
            0.0, 
            0.0, 
            0.0, 
            0.0, 
            0.0, 
            0.0, 
            0.0, 
            0.0, 
            0.0, 
            0.0, 
            0.0, 
            0.0, 
            0.0, 
            0.0, 
            0.0, 
            0.0, 
            1.0, 
            1.0, 
            1.0, 
            1.0, 
            1.0, 
            1.0, 
            1.0, 
            1.0, 
            1.0, 
            1.0
        ], 
        "num_abilities": 1, 
        "max_length": 15, 
        "max_time_taken": 1000.0, 
        "exercise_ind_dict": {
            "constructions_1": 9, 
            "visualizing-and-interpreting-relationships-between-patterns": 6, 
            "addition_1": 0, 
            "understanding-multiplying-fractions-and-whole-numbers": 3, 
            "identifying_points_1": 1, 
            "volume_1": 2, 
            "slope_intercept_form": 7, 
            "vertical_angles_2": 5, 
            "graphing-proportional-relationships": 8, 
            "coordinate-plane-word-problems": 4
        }
    }, 
    "slug": "Test", 
    "engine_class": "MIRTEngine"
}