{
    "description": "parameters for an adaptive test", 
    "title": "test parameters", 
    "params": {
        "theta_flat": [
            0.13038741991730113, 
            0.787344159849454, 
            -0.07161038537015527, 
            0.6099679569513692, 
            0.16181983850626985, 
            0.32781425819266513, 
            0.0375991024025815, 
            0.4603865110228122, 
            0.04357788969183391, 
            0.14308440857436874, 
            0.18430917658285031, 
            0.33820550557741585, 
            0.03497516789156658, 
            0.1606258504241184, 
            -0.07234631223999113, 
            0.24734815693313478, 
            0.05034430156237589, 
            0.0545304463157955, 
            0.146671186633568, 
            0.308804175601373, 
            -0.0, 
            0.0, 
            -0.0, 
            0.0, 
            -0.0, 
            0.0, 
            -0.0, 
            0.0, 
            -0.0, 
            0.0, 
            -0.0, 
            0.0, 
            -0.0, 
            0.0, 
            -0.0, 
            0.0, 
            -0.0, 
            0.0, 
            -0.0, 
            0.0, 
            1.0, 
            1.0, 
            1.0, 
            1.0, 
            1.0, 
            1.0, 
            1.0, 
            1.0, 
            1.0, 
            1.0
        ], 
        "num_abilities": 1, 
        "max_length": 15, 
        "max_time_taken": 1000.0, 
        "exercise_ind_dict": {
            "constructions_1": 9, 
            "visualizing-and-interpreting-relationships-between-patterns": 6, 
            "addition_1": 0, 
            "understanding-multiplying-fractions-and-whole-numbers": 3, 
            "identifying_points_1": 1, 
            "volume_1": 2, 
            "slope_intercept_form": 7, 
            "vertical_angles_2": 5, 
            "graphing-proportional-relationships": 8, 
            "coordinate-plane-word-problems": 4
        }
    }, 
    "slug": "Test", 
    "engine_class": "MIRTEngine"
}