{
    "description": "parameters for an adaptive test", 
    "title": "test parameters", 
    "params": {
        "theta_flat": [
            0.026594881657625056, 
            0.5957317668687298, 
            0.17056655562675127, 
            0.8383542882749367, 
            -0.12656096086025673, 
            0.45863379465833987, 
            0.07685424226859194, 
            0.43675010189267066, 
            0.043113352886214706, 
            0.4913108095555289, 
            -0.11881740372587674, 
            0.43990714239091655, 
            0.012998069000247582, 
            0.151882588355565, 
            -0.041129261839702204, 
            0.21272728143403735, 
            -0.08339423439701474, 
            0.05930843154279408, 
            0.10804906981812697, 
            0.021757242635783276, 
            -0.0, 
            0.0, 
            -0.0, 
            0.0, 
            -0.0, 
            0.0, 
            -0.0, 
            0.0, 
            -0.0, 
            0.0, 
            -0.0, 
            0.0, 
            -0.0, 
            0.0, 
            -0.0, 
            0.0, 
            -0.0, 
            0.0, 
            -0.0, 
            0.0, 
            1.0, 
            1.0, 
            1.0, 
            1.0, 
            1.0, 
            1.0, 
            1.0, 
            1.0, 
            1.0, 
            1.0
        ], 
        "num_abilities": 1, 
        "max_length": 15, 
        "max_time_taken": 1000.0, 
        "exercise_ind_dict": {
            "constructions_1": 9, 
            "visualizing-and-interpreting-relationships-between-patterns": 6, 
            "addition_1": 0, 
            "understanding-multiplying-fractions-and-whole-numbers": 3, 
            "identifying_points_1": 1, 
            "volume_1": 2, 
            "slope_intercept_form": 7, 
            "vertical_angles_2": 5, 
            "graphing-proportional-relationships": 8, 
            "coordinate-plane-word-problems": 4
        }
    }, 
    "slug": "Test", 
    "engine_class": "MIRTEngine"
}