{
    "description": "parameters for an adaptive test", 
    "title": "test parameters", 
    "params": {
        "theta_flat": [
            -0.02047967768859493, 
            0.5951079017464274, 
            -0.007546474048261691, 
            0.8263019401182414, 
            -0.10398716577254574, 
            0.4644311330145208, 
            0.027212932431777543, 
            0.43283366895379444, 
            -0.0031259620625989915, 
            0.4895692907100493, 
            0.24395415751238508, 
            0.4438724985842581, 
            0.04615716691944776, 
            0.15056718047032583, 
            0.03553613388238448, 
            0.21350267598778175, 
            0.05200690396537152, 
            0.06127095402260963, 
            -0.13504197173632215, 
            0.020439625326396375, 
            0.0, 
            0.0, 
            0.0, 
            0.0, 
            0.0, 
            0.0, 
            0.0, 
            0.0, 
            0.0, 
            0.0, 
            0.0, 
            0.0, 
            0.0, 
            0.0, 
            0.0, 
            0.0, 
            0.0, 
            0.0, 
            0.0, 
            0.0, 
            1.0, 
            1.0, 
            1.0, 
            1.0, 
            1.0, 
            1.0, 
            1.0, 
            1.0, 
            1.0, 
            1.0
        ], 
        "num_abilities": 1, 
        "max_length": 15, 
        "max_time_taken": 1000.0, 
        "exercise_ind_dict": {
            "constructions_1": 9, 
            "visualizing-and-interpreting-relationships-between-patterns": 6, 
            "addition_1": 0, 
            "understanding-multiplying-fractions-and-whole-numbers": 3, 
            "identifying_points_1": 1, 
            "volume_1": 2, 
            "slope_intercept_form": 7, 
            "vertical_angles_2": 5, 
            "graphing-proportional-relationships": 8, 
            "coordinate-plane-word-problems": 4
        }
    }, 
    "slug": "Test", 
    "engine_class": "MIRTEngine"
}