{
    "slug": "Test",
    "description": "parameters for an adaptive test",
    "title": "test parameters",
    "params": {
        "exercise_ind_dict": {
            "volume_1": 2,
            "coordinate-plane-word-problems": 4,
            "slope_intercept_form": 7,
            "graphing-proportional-relationships": 8,
            "identifying_points_1": 1,
            "constructions_1": 9,
            "visualizing-and-interpreting-relationships-between-patterns": 6,
            "understanding-multiplying-fractions-and-whole-numbers": 3,
            "vertical_angles_2": 5,
            "addition_1": 0
        },
        "num_abilities": 1,
        "theta_flat": [
            -0.06033620839537219,
            0.7472582904732266,
            0.034372834667187255,
            0.4769260367788655,
            -0.039838962545004804,
            0.5808255713983984,
            0.10301330510555341,
            0.10893127502134979,
            0.08358434957252803,
            0.14421031433507828,
            0.049534224260703474,
            0.2950882236999369,
            0.05988597744542484,
            0.17956035933173534,
            -0.06299469161468678,
            0.048738034013198456,
            0.008898003985740855,
            0.17983599771579203,
            0.12001662041772815,
            0.10889260973531412,
            -0.0,
            0.0,
            -0.0,
            0.0,
            -0.0,
            0.0,
            -0.0,
            0.0,
            -0.0,
            0.0,
            -0.0,
            0.0,
            -0.0,
            0.0,
            -0.0,
            0.0,
            -0.0,
            0.0,
            -0.0,
            0.0,
            1.0,
            1.0,
            1.0,
            1.0,
            1.0,
            1.0,
            1.0,
            1.0,
            1.0,
            1.0
        ],
        "max_time_taken": 1000.0,
        "max_length": 15
    },
    "engine_class": "MIRTEngine"
}