{
    "slug": "Test",
    "description": "parameters for an adaptive test",
    "title": "test parameters",
    "params": {
        "exercise_ind_dict": {
            "volume_1": 2,
            "coordinate-plane-word-problems": 4,
            "slope_intercept_form": 7,
            "graphing-proportional-relationships": 8,
            "identifying_points_1": 1,
            "constructions_1": 9,
            "visualizing-and-interpreting-relationships-between-patterns": 6,
            "understanding-multiplying-fractions-and-whole-numbers": 3,
            "vertical_angles_2": 5,
            "addition_1": 0
        },
        "num_abilities": 1,
        "theta_flat": [
            -0.11864919754617564,
            0.740316953205503,
            0.0891731553332776,
            0.4841029588086833,
            -0.15504526261081028,
            0.5728360589619469,
            0.1269773886326547,
            0.11865800379933386,
            0.037725813296457376,
            0.14730466236961315,
            0.023758628393685664,
            0.2969951981165573,
            0.08230538782846679,
            0.18585066946744236,
            0.023388950706166794,
            0.04976011512218216,
            -0.05676323120664833,
            0.1761363980502265,
            0.0077650507646142945,
            0.11004623495666023,
            0.0,
            0.0,
            0.0,
            0.0,
            0.0,
            0.0,
            0.0,
            0.0,
            0.0,
            0.0,
            0.0,
            0.0,
            0.0,
            0.0,
            0.0,
            0.0,
            0.0,
            0.0,
            0.0,
            0.0,
            1.0,
            1.0,
            1.0,
            1.0,
            1.0,
            1.0,
            1.0,
            1.0,
            1.0,
            1.0
        ],
        "max_time_taken": 1000.0,
        "max_length": 15
    },
    "engine_class": "MIRTEngine"
}