{
    "title": "test parameters",
    "description": "parameters for an adaptive test",
    "params": {
        "max_time_taken": 1000.0,
        "max_length": 15,
        "exercise_ind_dict": {
            "graphing-proportional-relationships": 8,
            "constructions_1": 9,
            "understanding-multiplying-fractions-and-whole-numbers": 3,
            "identifying_points_1": 1,
            "vertical_angles_2": 5,
            "addition_1": 0,
            "slope_intercept_form": 7,
            "coordinate-plane-word-problems": 4,
            "volume_1": 2,
            "visualizing-and-interpreting-relationships-between-patterns": 6
        },
        "theta_flat": [
            0.28100381174766625,
            0.7847556841309901,
            0.22166670032269017,
            0.531853090085772,
            0.11121601270626881,
            0.36789145501716247,
            0.17322108153934673,
            0.42565534579701997,
            0.20786078372588462,
            0.5119275174213087,
            0.28186851642423366,
            0.2203590443692066,
            0.029382606163532204,
            0.6575121479296948,
            0.14546686670855707,
            0.42436164991133185,
            0.19879049082823483,
            0.280303572154916,
            0.3072247248001557,
            0.07654391269220892,
            0.0,
            0.0,
            0.0,
            0.0,
            0.0,
            0.0,
            0.0,
            0.0,
            0.0,
            0.0,
            0.0,
            0.0,
            0.0,
            0.0,
            0.0,
            0.0,
            0.0,
            0.0,
            0.0,
            0.0,
            1.0,
            1.0,
            1.0,
            1.0,
            1.0,
            1.0,
            1.0,
            1.0,
            1.0,
            1.0
        ],
        "num_abilities": 1
    },
    "slug": "Test",
    "engine_class": "MIRTEngine"
}